{
  "model": "LightGBM_optimized_preprocessing",
  "rmse": 26337.77576701595,
  "mae": 17057.8486814584,
  "r2": 0.8910345326533063,
  "cv_rmse": 26417.76650311608
}