{
  "model": "LightGBM",
  "rmse": 28623.623376072697,
  "mae": 17305.777751502064,
  "r2": 0.8712995954907685,
  "n_features": 26
}